[{"model": "spis_tel.osoba", "pk": 5, "fields": {"imie": "Joanna", "nazwisko": "Szyma\u0144ska"}}, {"model": "spis_tel.osoba", "pk": 6, "fields": {"imie": "Jakub", "nazwisko": "Bielecki"}}, {"model": "spis_tel.osoba", "pk": 7, "fields": {"imie": "Natalia", "nazwisko": "Krol"}}, {"model": "spis_tel.osoba", "pk": 8, "fields": {"imie": "Piotr", "nazwisko": "Urbanski"}}, {"model": "spis_tel.osoba", "pk": 9, "fields": {"imie": "Zuzanna", "nazwisko": "Kurek"}}, {"model": "spis_tel.osoba", "pk": 10, "fields": {"imie": "Wojciech", "nazwisko": "Dobrowolski"}}, {"model": "spis_tel.osoba", "pk": 11, "fields": {"imie": "Zuzanna", "nazwisko": "Matyjka"}}, {"model": "spis_tel.osoba", "pk": 12, "fields": {"imie": "Michal", "nazwisko": "Malinowski"}}, {"model": "spis_tel.osoba", "pk": 13, "fields": {"imie": "Marzena", "nazwisko": "Wojniak"}}, {"model": "spis_tel.osoba", "pk": 14, "fields": {"imie": "Mateusz", "nazwisko": "Szewczyk"}}, {"model": "spis_tel.osoba", "pk": 15, "fields": {"imie": "Mateusz", "nazwisko": "Piotrowski"}}, {"model": "spis_tel.osoba", "pk": 16, "fields": {"imie": "Szymon", "nazwisko": "Wysocki"}}, {"model": "spis_tel.osoba", "pk": 17, "fields": {"imie": "Helena", "nazwisko": "Urbaniak"}}, {"model": "spis_tel.osoba", "pk": 19, "fields": {"imie": "Kacper", "nazwisko": "Skiba"}}, {"model": "spis_tel.osoba", "pk": 20, "fields": {"imie": "Kacper", "nazwisko": "Rutkowski"}}, {"model": "spis_tel.osoba", "pk": 21, "fields": {"imie": "Zuzanna", "nazwisko": "Nowakowska"}}, {"model": "spis_tel.osoba", "pk": 22, "fields": {"imie": "Kazimierz", "nazwisko": "Szczepaniak"}}, {"model": "spis_tel.osoba", "pk": 23, "fields": {"imie": "Klaudia", "nazwisko": "Krajewska"}}, {"model": "spis_tel.osoba", "pk": 24, "fields": {"imie": "Adam", "nazwisko": "Karpinski"}}, {"model": "spis_tel.osoba", "pk": 26, "fields": {"imie": "Andrzej", "nazwisko": "Guba\u0142a"}}, {"model": "spis_tel.telefon", "pk": 2, "fields": {"osoba": 5, "telefon": "693294979"}}, {"model": "spis_tel.telefon", "pk": 3, "fields": {"osoba": 5, "telefon": "963959241"}}, {"model": "spis_tel.telefon", "pk": 4, "fields": {"osoba": 6, "telefon": "913542765"}}, {"model": "spis_tel.telefon", "pk": 5, "fields": {"osoba": 7, "telefon": "294642"}}, {"model": "spis_tel.telefon", "pk": 6, "fields": {"osoba": 8, "telefon": "888876543"}}, {"model": "spis_tel.telefon", "pk": 7, "fields": {"osoba": 10, "telefon": "666555777"}}, {"model": "spis_tel.telefon", "pk": 8, "fields": {"osoba": 11, "telefon": "878654345"}}, {"model": "spis_tel.telefon", "pk": 9, "fields": {"osoba": 13, "telefon": "914765463"}}, {"model": "spis_tel.telefon", "pk": 10, "fields": {"osoba": 23, "telefon": "765345664"}}, {"model": "spis_tel.telefon", "pk": 11, "fields": {"osoba": 19, "telefon": "949444449"}}, {"model": "spis_tel.telefon", "pk": 12, "fields": {"osoba": 20, "telefon": "433444222"}}, {"model": "spis_tel.telefon", "pk": 13, "fields": {"osoba": 15, "telefon": "875454698"}}, {"model": "spis_tel.telefon", "pk": 14, "fields": {"osoba": 22, "telefon": "955555999"}}, {"model": "spis_tel.telefon", "pk": 15, "fields": {"osoba": 6, "telefon": "876543765"}}, {"model": "spis_tel.telefon", "pk": 16, "fields": {"osoba": 5, "telefon": "111222"}}, {"model": "spis_tel.telefon", "pk": 17, "fields": {"osoba": 9, "telefon": "999000000"}}, {"model": "spis_tel.telefon", "pk": 19, "fields": {"osoba": 26, "telefon": "694254314"}}, {"model": "spis_tel.email", "pk": 2, "fields": {"osoba": 5, "email": "joanna@mail.com"}}, {"model": "spis_tel.email", "pk": 3, "fields": {"osoba": 6, "email": "jakub@mail.com"}}, {"model": "spis_tel.email", "pk": 4, "fields": {"osoba": 8, "email": "piotrek@gmail.com"}}, {"model": "spis_tel.email", "pk": 5, "fields": {"osoba": 11, "email": "zuzanna@mail.com"}}, {"model": "spis_tel.email", "pk": 6, "fields": {"osoba": 14, "email": "maio@mail.com"}}, {"model": "spis_tel.email", "pk": 7, "fields": {"osoba": 23, "email": "kraj@gmail.com"}}, {"model": "spis_tel.email", "pk": 8, "fields": {"osoba": 19, "email": "majl@gmail.com"}}, {"model": "spis_tel.email", "pk": 9, "fields": {"osoba": 5, "email": "rrr@gmail.com"}}, {"model": "spis_tel.email", "pk": 10, "fields": {"osoba": 6, "email": "asddsaasd@gmail.com"}}, {"model": "spis_tel.email", "pk": 11, "fields": {"osoba": 21, "email": "fdsdfs@fsdas.com"}}]